"Status","Start Time","Stop Time","Duration in ms","Parent Suite","Suite","Sub Suite","Test Class","Test Method","Name","Description"
"failed","Thu May 19 14:15:46 CST 2022","Thu May 19 14:15:46 CST 2022","1","","Test_add","","","","test_add[data1]",""
"passed","Thu May 19 17:13:53 CST 2022","Thu May 19 17:13:53 CST 2022","103","","Test_yaml","","","","test_yaml[data1]",""
"failed","Fri May 20 10:05:01 CST 2022","Fri May 20 10:05:01 CST 2022","1","","Test_add","","","","testadd[data2]",""
"passed","Fri May 20 10:32:42 CST 2022","Fri May 20 10:32:42 CST 2022","158","","Test_get","","","","testrequest[data0]",""
"passed","Fri May 20 10:18:27 CST 2022","Fri May 20 10:18:28 CST 2022","541","","Test_yaml","","","","testrequest[data0]",""
"failed","Thu May 19 17:13:53 CST 2022","Thu May 19 17:13:53 CST 2022","107","","Test_yaml","","","","test_yaml[data0]",""
"passed","Thu May 19 14:15:46 CST 2022","Thu May 19 14:15:46 CST 2022","0","","Test_add","","","","test_add[data0]",""
"failed","Fri May 20 10:05:01 CST 2022","Fri May 20 10:05:01 CST 2022","0","","Test_add","","","","testadd[data1]",""
"broken","Fri May 20 10:04:49 CST 2022","Fri May 20 10:04:49 CST 2022","1","","Test_yaml","","","","testrequest[data1]",""
"passed","Fri May 20 10:05:01 CST 2022","Fri May 20 10:05:01 CST 2022","1","","Test_add","","","","testadd[data0]",""
"passed","Fri May 20 10:34:55 CST 2022","Fri May 20 10:34:55 CST 2022","98","","Test_post","","","","testrequest[data0]",""
"failed","Thu May 19 14:15:47 CST 2022","Thu May 19 14:15:47 CST 2022","2","","Test_add","","","","test_add[data2]",""
